roc_auc,f1,model
0.9236564582860445,0.7053106560222145,LightGBM
0.9207417433606404,0.7010452961672474,CatBoost
0.9083947658942243,0.6801647220315717,TabPFN
