roc_auc,f1,model
0.8945599434990191,0.7226916113458056,LightGBM
0.890978561062088,0.7099725526075022,CatBoost
0.8718074190196836,0.7109994711792702,TabPFN
